{"cameraMode":{"drawMode":0,"name":"Shaded","section":"Shading Mode"},"sceneLighting":true,"audioPlay":false,"sceneViewState":{"m_AlwaysRefresh":false,"showFog":true,"showSkybox":true,"showFlares":true,"showImageEffects":true,"showParticleSystems":true,"showVisualEffectGraphs":true,"m_FxEnabled":true},"in2DMode":false,"pivot":{"x":1.9452037811279297,"y":29.317073822021486,"z":-136.42543029785157},"rotation":{"x":-0.18864493072032929,"y":0.7936626076698303,"z":-0.30446797609329226,"w":-0.4917450547218323},"size":8.031136512756348,"orthographic":false}