{"cameraMode":{"drawMode":0,"name":"Shaded","section":"Shading Mode"},"sceneLighting":true,"audioPlay":false,"sceneViewState":{"m_AlwaysRefresh":false,"showFog":true,"showSkybox":true,"showFlares":true,"showImageEffects":true,"showParticleSystems":true,"showVisualEffectGraphs":true,"m_FxEnabled":true},"in2DMode":false,"pivot":{"x":-11.807122230529786,"y":-3.755467414855957,"z":21.99270248413086},"rotation":{"x":0.29838547110557558,"y":0.0002827937714755535,"z":-0.00008878323569661006,"w":0.954448401927948},"size":8.238025665283204,"orthographic":false}